step,strat,count
0,"3,0",5
1,"3,0",5
2,"3,0",4
2,"2,1",1
3,"3,0",4
3,"2,1",1
4,"3,0",3
4,"2,1",2
5,"3,0",3
5,"2,1",2
6,"3,0",3
6,"2,1",2
7,"3,0",3
7,"2,1",2
8,"3,0",2
8,"2,1",3
9,"3,0",2
9,"2,1",3
10,"3,0",1
10,"2,1",4
11,"3,0",0
11,"2,1",5
12,"3,0",0
12,"2,1",5
13,"3,0",0
13,"2,1",5
14,"3,0",0
14,"2,1",5
15,"3,0",0
15,"2,1",5
16,"3,0",0
16,"2,1",5
17,"3,0",0
17,"2,1",5
18,"3,0",0
18,"2,1",5
19,"3,0",0
19,"2,1",5
20,"3,0",0
20,"2,1",5
21,"3,0",0
21,"2,1",5
22,"3,0",0
22,"2,1",5
23,"3,0",0
23,"2,1",5
24,"3,0",0
24,"2,1",5
25,"3,0",0
25,"2,1",5
26,"3,0",0
26,"2,1",5
27,"3,0",0
27,"2,1",5
28,"3,0",0
28,"2,1",5
29,"3,0",0
29,"2,1",5
30,"3,0",0
30,"2,1",5
31,"3,0",0
31,"2,1",5
32,"3,0",0
32,"2,1",5
33,"3,0",0
33,"2,1",5
34,"3,0",0
34,"2,1",4
34,"1,2",1
35,"3,0",0
35,"2,1",3
35,"1,2",2
36,"3,0",0
36,"2,1",2
36,"1,2",3
37,"3,0",0
37,"2,1",2
37,"1,2",3
38,"3,0",0
38,"2,1",1
38,"1,2",4
39,"3,0",0
39,"2,1",2
39,"1,2",3
40,"3,0",0
40,"2,1",1
40,"1,2",4
41,"3,0",0
41,"2,1",1
41,"1,2",4
42,"3,0",0
42,"2,1",1
42,"1,2",4
43,"3,0",0
43,"2,1",1
43,"1,2",4
44,"3,0",0
44,"2,1",2
44,"1,2",3
45,"3,0",0
45,"2,1",1
45,"1,2",4
46,"3,0",0
46,"2,1",0
46,"1,2",5
47,"3,0",0
47,"2,1",0
47,"1,2",5
48,"3,0",0
48,"2,1",0
48,"1,2",5
49,"3,0",1
49,"2,1",0
49,"1,2",4
50,"3,0",1
50,"2,1",0
50,"1,2",4
51,"3,0",1
51,"2,1",1
51,"1,2",3
52,"3,0",0
52,"2,1",1
52,"1,2",4
53,"3,0",0
53,"2,1",0
53,"1,2",5
54,"3,0",0
54,"2,1",0
54,"1,2",5
55,"3,0",0
55,"2,1",0
55,"1,2",5
56,"3,0",0
56,"2,1",0
56,"1,2",5
57,"3,0",0
57,"2,1",0
57,"1,2",5
58,"3,0",0
58,"2,1",0
58,"1,2",5
59,"3,0",0
59,"2,1",0
59,"1,2",5
60,"3,0",0
60,"2,1",0
60,"1,2",5
61,"3,0",0
61,"2,1",0
61,"1,2",5
62,"3,0",0
62,"2,1",0
62,"1,2",5
63,"3,0",0
63,"2,1",0
63,"1,2",5
64,"3,0",0
64,"2,1",0
64,"1,2",4
64,"0,3",1
65,"3,0",0
65,"2,1",0
65,"1,2",3
65,"0,3",2
66,"3,0",0
66,"2,1",0
66,"1,2",3
66,"0,3",2
67,"3,0",0
67,"2,1",0
67,"1,2",2
67,"0,3",3
68,"3,0",0
68,"2,1",0
68,"1,2",1
68,"0,3",4
69,"3,0",0
69,"2,1",0
69,"1,2",1
69,"0,3",4
70,"3,0",0
70,"2,1",0
70,"1,2",1
70,"0,3",4
71,"3,0",0
71,"2,1",0
71,"1,2",1
71,"0,3",4
72,"3,0",0
72,"2,1",0
72,"1,2",2
72,"0,3",3
73,"3,0",0
73,"2,1",0
73,"1,2",2
73,"0,3",3
74,"3,0",0
74,"2,1",0
74,"1,2",1
74,"0,3",4
75,"3,0",0
75,"2,1",0
75,"1,2",0
75,"0,3",5
76,"3,0",0
76,"2,1",0
76,"1,2",0
76,"0,3",5
77,"3,0",0
77,"2,1",0
77,"1,2",0
77,"0,3",5
78,"3,0",0
78,"2,1",0
78,"1,2",0
78,"0,3",5
79,"3,0",0
79,"2,1",0
79,"1,2",0
79,"0,3",5
80,"3,0",0
80,"2,1",0
80,"1,2",0
80,"0,3",5
81,"3,0",0
81,"2,1",0
81,"1,2",0
81,"0,3",5
82,"3,0",0
82,"2,1",0
82,"1,2",0
82,"0,3",5
83,"3,0",0
83,"2,1",0
83,"1,2",0
83,"0,3",5
84,"3,0",0
84,"2,1",0
84,"1,2",0
84,"0,3",5
85,"3,0",0
85,"2,1",0
85,"1,2",0
85,"0,3",5
86,"3,0",0
86,"2,1",0
86,"1,2",0
86,"0,3",5
87,"3,0",0
87,"2,1",0
87,"1,2",0
87,"0,3",5
88,"3,0",0
88,"2,1",0
88,"1,2",0
88,"0,3",5
89,"3,0",0
89,"2,1",0
89,"1,2",0
89,"0,3",5
90,"3,0",0
90,"2,1",0
90,"1,2",0
90,"0,3",5
91,"3,0",0
91,"2,1",0
91,"1,2",0
91,"0,3",5
92,"3,0",0
92,"2,1",0
92,"1,2",0
92,"0,3",5
93,"3,0",0
93,"2,1",0
93,"1,2",0
93,"0,3",5
94,"3,0",0
94,"2,1",0
94,"1,2",0
94,"0,3",5
95,"3,0",0
95,"2,1",0
95,"1,2",0
95,"0,3",5
96,"3,0",0
96,"2,1",0
96,"1,2",0
96,"0,3",5
97,"3,0",0
97,"2,1",0
97,"1,2",0
97,"0,3",5
98,"3,0",0
98,"2,1",0
98,"1,2",0
98,"0,3",5
99,"3,0",0
99,"2,1",0
99,"1,2",0
99,"0,3",5
100,"3,0",0
100,"2,1",0
100,"1,2",0
100,"0,3",5
101,"3,0",0
101,"2,1",0
101,"1,2",0
101,"0,3",5
102,"3,0",0
102,"2,1",0
102,"1,2",0
102,"0,3",5
103,"3,0",0
103,"2,1",0
103,"1,2",0
103,"0,3",5
104,"3,0",0
104,"2,1",0
104,"1,2",0
104,"0,3",5
105,"3,0",0
105,"2,1",0
105,"1,2",0
105,"0,3",5
106,"3,0",0
106,"2,1",0
106,"1,2",0
106,"0,3",5
107,"3,0",0
107,"2,1",0
107,"1,2",0
107,"0,3",5
108,"3,0",0
108,"2,1",0
108,"1,2",0
108,"0,3",5
109,"3,0",0
109,"2,1",0
109,"1,2",0
109,"0,3",5
110,"3,0",0
110,"2,1",0
110,"1,2",0
110,"0,3",5
111,"3,0",0
111,"2,1",0
111,"1,2",0
111,"0,3",5
112,"3,0",0
112,"2,1",0
112,"1,2",1
112,"0,3",4
113,"3,0",0
113,"2,1",0
113,"1,2",1
113,"0,3",4
114,"3,0",0
114,"2,1",0
114,"1,2",1
114,"0,3",4
115,"3,0",0
115,"2,1",0
115,"1,2",1
115,"0,3",4
116,"3,0",0
116,"2,1",0
116,"1,2",1
116,"0,3",4
117,"3,0",0
117,"2,1",0
117,"1,2",0
117,"0,3",5
118,"3,0",0
118,"2,1",0
118,"1,2",1
118,"0,3",4
119,"3,0",0
119,"2,1",0
119,"1,2",1
119,"0,3",4
120,"3,0",0
120,"2,1",0
120,"1,2",1
120,"0,3",4
121,"3,0",0
121,"2,1",0
121,"1,2",1
121,"0,3",4
122,"3,0",0
122,"2,1",0
122,"1,2",0
122,"0,3",5
123,"3,0",0
123,"2,1",0
123,"1,2",0
123,"0,3",5
124,"3,0",0
124,"2,1",0
124,"1,2",0
124,"0,3",5
125,"3,0",0
125,"2,1",0
125,"1,2",0
125,"0,3",5
126,"3,0",0
126,"2,1",0
126,"1,2",0
126,"0,3",5
127,"3,0",0
127,"2,1",0
127,"1,2",0
127,"0,3",5
128,"3,0",0
128,"2,1",0
128,"1,2",0
128,"0,3",5
129,"3,0",0
129,"2,1",0
129,"1,2",0
129,"0,3",5
130,"3,0",0
130,"2,1",0
130,"1,2",0
130,"0,3",5
131,"3,0",0
131,"2,1",0
131,"1,2",0
131,"0,3",5
132,"3,0",0
132,"2,1",0
132,"1,2",0
132,"0,3",5
133,"3,0",0
133,"2,1",0
133,"1,2",0
133,"0,3",5
134,"3,0",0
134,"2,1",0
134,"1,2",0
134,"0,3",5
135,"3,0",0
135,"2,1",0
135,"1,2",0
135,"0,3",5
136,"3,0",0
136,"2,1",0
136,"1,2",0
136,"0,3",5
137,"3,0",0
137,"2,1",0
137,"1,2",0
137,"0,3",5
138,"3,0",0
138,"2,1",0
138,"1,2",0
138,"0,3",5
139,"3,0",0
139,"2,1",0
139,"1,2",0
139,"0,3",5
140,"3,0",0
140,"2,1",0
140,"1,2",0
140,"0,3",5
141,"3,0",0
141,"2,1",0
141,"1,2",1
141,"0,3",4
142,"3,0",0
142,"2,1",0
142,"1,2",1
142,"0,3",4
143,"3,0",0
143,"2,1",0
143,"1,2",1
143,"0,3",4
144,"3,0",0
144,"2,1",0
144,"1,2",1
144,"0,3",4
145,"3,0",0
145,"2,1",0
145,"1,2",1
145,"0,3",4
146,"3,0",0
146,"2,1",0
146,"1,2",0
146,"0,3",5
147,"3,0",0
147,"2,1",0
147,"1,2",0
147,"0,3",5
148,"3,0",0
148,"2,1",0
148,"1,2",0
148,"0,3",5
149,"3,0",0
149,"2,1",0
149,"1,2",0
149,"0,3",5
150,"3,0",0
150,"2,1",0
150,"1,2",0
150,"0,3",5
151,"3,0",0
151,"2,1",0
151,"1,2",0
151,"0,3",5
152,"3,0",0
152,"2,1",0
152,"1,2",0
152,"0,3",5
153,"3,0",0
153,"2,1",0
153,"1,2",0
153,"0,3",5
154,"3,0",0
154,"2,1",1
154,"1,2",0
154,"0,3",4
155,"3,0",0
155,"2,1",1
155,"1,2",0
155,"0,3",4
156,"3,0",1
156,"2,1",1
156,"1,2",0
156,"0,3",3
157,"3,0",1
157,"2,1",1
157,"1,2",1
157,"0,3",2
158,"3,0",0
158,"2,1",1
158,"1,2",2
158,"0,3",2
159,"3,0",0
159,"2,1",0
159,"1,2",3
159,"0,3",2
160,"3,0",0
160,"2,1",0
160,"1,2",3
160,"0,3",2
161,"3,0",0
161,"2,1",0
161,"1,2",3
161,"0,3",2
162,"3,0",0
162,"2,1",0
162,"1,2",3
162,"0,3",2
163,"3,0",0
163,"2,1",0
163,"1,2",3
163,"0,3",2
164,"3,0",0
164,"2,1",0
164,"1,2",2
164,"0,3",3
165,"3,0",0
165,"2,1",0
165,"1,2",2
165,"0,3",3
166,"3,0",0
166,"2,1",0
166,"1,2",1
166,"0,3",4
167,"3,0",0
167,"2,1",0
167,"1,2",1
167,"0,3",4
168,"3,0",0
168,"2,1",0
168,"1,2",1
168,"0,3",4
169,"3,0",0
169,"2,1",0
169,"1,2",2
169,"0,3",3
170,"3,0",0
170,"2,1",0
170,"1,2",2
170,"0,3",3
171,"3,0",0
171,"2,1",0
171,"1,2",2
171,"0,3",3
172,"3,0",0
172,"2,1",0
172,"1,2",2
172,"0,3",3
173,"3,0",0
173,"2,1",0
173,"1,2",2
173,"0,3",3
174,"3,0",0
174,"2,1",0
174,"1,2",1
174,"0,3",4
175,"3,0",0
175,"2,1",0
175,"1,2",0
175,"0,3",5
176,"3,0",0
176,"2,1",0
176,"1,2",0
176,"0,3",5
177,"3,0",0
177,"2,1",0
177,"1,2",0
177,"0,3",5
178,"3,0",0
178,"2,1",0
178,"1,2",0
178,"0,3",5
179,"3,0",0
179,"2,1",0
179,"1,2",0
179,"0,3",5
180,"3,0",0
180,"2,1",0
180,"1,2",0
180,"0,3",5
181,"3,0",0
181,"2,1",0
181,"1,2",0
181,"0,3",5
182,"3,0",0
182,"2,1",0
182,"1,2",0
182,"0,3",5
183,"3,0",0
183,"2,1",0
183,"1,2",0
183,"0,3",5
184,"3,0",0
184,"2,1",0
184,"1,2",0
184,"0,3",5
185,"3,0",0
185,"2,1",0
185,"1,2",0
185,"0,3",5
186,"3,0",0
186,"2,1",0
186,"1,2",0
186,"0,3",5
187,"3,0",0
187,"2,1",0
187,"1,2",0
187,"0,3",5
188,"3,0",0
188,"2,1",0
188,"1,2",0
188,"0,3",5
189,"3,0",0
189,"2,1",0
189,"1,2",0
189,"0,3",5
190,"3,0",0
190,"2,1",0
190,"1,2",0
190,"0,3",5
191,"3,0",0
191,"2,1",0
191,"1,2",1
191,"0,3",4
192,"3,0",0
192,"2,1",0
192,"1,2",1
192,"0,3",4
193,"3,0",0
193,"2,1",0
193,"1,2",1
193,"0,3",4
194,"3,0",0
194,"2,1",0
194,"1,2",1
194,"0,3",4
195,"3,0",0
195,"2,1",0
195,"1,2",1
195,"0,3",4
196,"3,0",0
196,"2,1",0
196,"1,2",1
196,"0,3",4
197,"3,0",0
197,"2,1",0
197,"1,2",1
197,"0,3",4
198,"3,0",0
198,"2,1",0
198,"1,2",1
198,"0,3",4
199,"3,0",0
199,"2,1",0
199,"1,2",2
199,"0,3",3
200,"3,0",0
200,"2,1",0
200,"1,2",1
200,"0,3",4
201,"3,0",0
201,"2,1",0
201,"1,2",2
201,"0,3",3
202,"3,0",0
202,"2,1",0
202,"1,2",1
202,"0,3",4
203,"3,0",0
203,"2,1",0
203,"1,2",1
203,"0,3",4
204,"3,0",0
204,"2,1",0
204,"1,2",1
204,"0,3",4
205,"3,0",0
205,"2,1",0
205,"1,2",2
205,"0,3",3
206,"3,0",0
206,"2,1",0
206,"1,2",1
206,"0,3",4
207,"3,0",0
207,"2,1",0
207,"1,2",1
207,"0,3",4
208,"3,0",0
208,"2,1",0
208,"1,2",1
208,"0,3",4
209,"3,0",0
209,"2,1",0
209,"1,2",1
209,"0,3",4
210,"3,0",0
210,"2,1",0
210,"1,2",1
210,"0,3",4
211,"3,0",0
211,"2,1",0
211,"1,2",1
211,"0,3",4
212,"3,0",0
212,"2,1",0
212,"1,2",1
212,"0,3",4
213,"3,0",0
213,"2,1",0
213,"1,2",1
213,"0,3",4
214,"3,0",0
214,"2,1",0
214,"1,2",2
214,"0,3",3
215,"3,0",0
215,"2,1",0
215,"1,2",1
215,"0,3",4
216,"3,0",0
216,"2,1",0
216,"1,2",0
216,"0,3",5
217,"3,0",0
217,"2,1",0
217,"1,2",0
217,"0,3",5
218,"3,0",0
218,"2,1",1
218,"1,2",0
218,"0,3",4
219,"3,0",0
219,"2,1",1
219,"1,2",0
219,"0,3",4
220,"3,0",0
220,"2,1",1
220,"1,2",0
220,"0,3",4
221,"3,0",0
221,"2,1",1
221,"1,2",0
221,"0,3",4
222,"3,0",0
222,"2,1",0
222,"1,2",0
222,"0,3",5
223,"3,0",0
223,"2,1",0
223,"1,2",0
223,"0,3",5
224,"3,0",0
224,"2,1",0
224,"1,2",0
224,"0,3",5
225,"3,0",0
225,"2,1",0
225,"1,2",0
225,"0,3",5
226,"3,0",0
226,"2,1",0
226,"1,2",1
226,"0,3",4
227,"3,0",0
227,"2,1",0
227,"1,2",1
227,"0,3",4
228,"3,0",0
228,"2,1",0
228,"1,2",1
228,"0,3",4
229,"3,0",0
229,"2,1",0
229,"1,2",0
229,"0,3",5
230,"3,0",0
230,"2,1",0
230,"1,2",0
230,"0,3",5
231,"3,0",0
231,"2,1",0
231,"1,2",0
231,"0,3",5
232,"3,0",0
232,"2,1",0
232,"1,2",0
232,"0,3",5
233,"3,0",0
233,"2,1",0
233,"1,2",0
233,"0,3",5
234,"3,0",0
234,"2,1",0
234,"1,2",0
234,"0,3",5
235,"3,0",0
235,"2,1",0
235,"1,2",0
235,"0,3",5
236,"3,0",0
236,"2,1",0
236,"1,2",0
236,"0,3",5
237,"3,0",0
237,"2,1",0
237,"1,2",0
237,"0,3",5
238,"3,0",0
238,"2,1",0
238,"1,2",0
238,"0,3",5
239,"3,0",0
239,"2,1",0
239,"1,2",0
239,"0,3",5
240,"3,0",0
240,"2,1",0
240,"1,2",0
240,"0,3",5
241,"3,0",0
241,"2,1",0
241,"1,2",0
241,"0,3",5
242,"3,0",0
242,"2,1",0
242,"1,2",0
242,"0,3",5
243,"3,0",0
243,"2,1",0
243,"1,2",0
243,"0,3",5
244,"3,0",0
244,"2,1",0
244,"1,2",0
244,"0,3",5
245,"3,0",0
245,"2,1",0
245,"1,2",0
245,"0,3",5
246,"3,0",0
246,"2,1",0
246,"1,2",0
246,"0,3",5
247,"3,0",0
247,"2,1",0
247,"1,2",0
247,"0,3",5
248,"3,0",0
248,"2,1",0
248,"1,2",0
248,"0,3",5
249,"3,0",0
249,"2,1",0
249,"1,2",0
249,"0,3",5
250,"3,0",0
250,"2,1",0
250,"1,2",0
250,"0,3",5
251,"3,0",0
251,"2,1",0
251,"1,2",0
251,"0,3",5
252,"3,0",0
252,"2,1",0
252,"1,2",0
252,"0,3",5
253,"3,0",0
253,"2,1",0
253,"1,2",0
253,"0,3",5
254,"3,0",0
254,"2,1",0
254,"1,2",0
254,"0,3",5
255,"3,0",0
255,"2,1",0
255,"1,2",0
255,"0,3",5
256,"3,0",0
256,"2,1",0
256,"1,2",0
256,"0,3",5
257,"3,0",0
257,"2,1",0
257,"1,2",1
257,"0,3",4
258,"3,0",0
258,"2,1",0
258,"1,2",1
258,"0,3",4
259,"3,0",0
259,"2,1",0
259,"1,2",1
259,"0,3",4
260,"3,0",0
260,"2,1",0
260,"1,2",1
260,"0,3",4
261,"3,0",0
261,"2,1",0
261,"1,2",1
261,"0,3",4
262,"3,0",0
262,"2,1",0
262,"1,2",1
262,"0,3",4
263,"3,0",0
263,"2,1",0
263,"1,2",0
263,"0,3",5
264,"3,0",0
264,"2,1",0
264,"1,2",0
264,"0,3",5
265,"3,0",0
265,"2,1",0
265,"1,2",0
265,"0,3",5
266,"3,0",0
266,"2,1",0
266,"1,2",0
266,"0,3",5
267,"3,0",0
267,"2,1",0
267,"1,2",0
267,"0,3",5
268,"3,0",0
268,"2,1",0
268,"1,2",0
268,"0,3",5
269,"3,0",0
269,"2,1",0
269,"1,2",0
269,"0,3",5
270,"3,0",0
270,"2,1",0
270,"1,2",0
270,"0,3",5
271,"3,0",0
271,"2,1",0
271,"1,2",0
271,"0,3",5
272,"3,0",0
272,"2,1",0
272,"1,2",0
272,"0,3",5
273,"3,0",0
273,"2,1",0
273,"1,2",1
273,"0,3",4
274,"3,0",0
274,"2,1",0
274,"1,2",1
274,"0,3",4
275,"3,0",0
275,"2,1",0
275,"1,2",1
275,"0,3",4
276,"3,0",0
276,"2,1",0
276,"1,2",0
276,"0,3",5
277,"3,0",0
277,"2,1",0
277,"1,2",0
277,"0,3",5
278,"3,0",0
278,"2,1",0
278,"1,2",0
278,"0,3",5
279,"3,0",0
279,"2,1",0
279,"1,2",0
279,"0,3",5
280,"3,0",0
280,"2,1",0
280,"1,2",0
280,"0,3",5
281,"3,0",0
281,"2,1",0
281,"1,2",0
281,"0,3",5
282,"3,0",0
282,"2,1",0
282,"1,2",0
282,"0,3",5
283,"3,0",0
283,"2,1",0
283,"1,2",1
283,"0,3",4
284,"3,0",0
284,"2,1",0
284,"1,2",1
284,"0,3",4
285,"3,0",0
285,"2,1",0
285,"1,2",1
285,"0,3",4
286,"3,0",0
286,"2,1",0
286,"1,2",1
286,"0,3",4
287,"3,0",0
287,"2,1",0
287,"1,2",1
287,"0,3",4
288,"3,0",0
288,"2,1",0
288,"1,2",1
288,"0,3",4
289,"3,0",0
289,"2,1",0
289,"1,2",1
289,"0,3",4
290,"3,0",0
290,"2,1",0
290,"1,2",1
290,"0,3",4
291,"3,0",0
291,"2,1",0
291,"1,2",0
291,"0,3",5
292,"3,0",0
292,"2,1",0
292,"1,2",1
292,"0,3",4
293,"3,0",0
293,"2,1",0
293,"1,2",0
293,"0,3",5
294,"3,0",0
294,"2,1",0
294,"1,2",0
294,"0,3",5
295,"3,0",0
295,"2,1",0
295,"1,2",0
295,"0,3",5
296,"3,0",0
296,"2,1",0
296,"1,2",0
296,"0,3",5
297,"3,0",0
297,"2,1",0
297,"1,2",0
297,"0,3",5
298,"3,0",0
298,"2,1",0
298,"1,2",0
298,"0,3",5
299,"3,0",0
299,"2,1",0
299,"1,2",1
299,"0,3",4
300,"3,0",0
300,"2,1",1
300,"1,2",0
300,"0,3",4
301,"3,0",0
301,"2,1",1
301,"1,2",0
301,"0,3",4
302,"3,0",0
302,"2,1",1
302,"1,2",0
302,"0,3",4
303,"3,0",0
303,"2,1",1
303,"1,2",0
303,"0,3",4
304,"3,0",0
304,"2,1",0
304,"1,2",0
304,"0,3",5
305,"3,0",0
305,"2,1",0
305,"1,2",0
305,"0,3",5
306,"3,0",0
306,"2,1",0
306,"1,2",0
306,"0,3",5
307,"3,0",0
307,"2,1",0
307,"1,2",0
307,"0,3",5
308,"3,0",0
308,"2,1",0
308,"1,2",0
308,"0,3",5
309,"3,0",0
309,"2,1",0
309,"1,2",0
309,"0,3",5
310,"3,0",0
310,"2,1",0
310,"1,2",0
310,"0,3",5
311,"3,0",0
311,"2,1",0
311,"1,2",0
311,"0,3",5
312,"3,0",0
312,"2,1",0
312,"1,2",0
312,"0,3",5
313,"3,0",0
313,"2,1",0
313,"1,2",1
313,"0,3",4
314,"3,0",0
314,"2,1",0
314,"1,2",1
314,"0,3",4
315,"3,0",0
315,"2,1",0
315,"1,2",1
315,"0,3",4
316,"3,0",0
316,"2,1",0
316,"1,2",1
316,"0,3",4
317,"3,0",0
317,"2,1",0
317,"1,2",0
317,"0,3",5
318,"3,0",0
318,"2,1",0
318,"1,2",0
318,"0,3",5
319,"3,0",0
319,"2,1",0
319,"1,2",0
319,"0,3",5
320,"3,0",0
320,"2,1",0
320,"1,2",0
320,"0,3",5
321,"3,0",0
321,"2,1",0
321,"1,2",0
321,"0,3",5
322,"3,0",0
322,"2,1",0
322,"1,2",0
322,"0,3",5
323,"3,0",0
323,"2,1",0
323,"1,2",0
323,"0,3",5
324,"3,0",0
324,"2,1",0
324,"1,2",1
324,"0,3",4
325,"3,0",0
325,"2,1",0
325,"1,2",1
325,"0,3",4
326,"3,0",0
326,"2,1",0
326,"1,2",0
326,"0,3",5
327,"3,0",0
327,"2,1",0
327,"1,2",0
327,"0,3",5
328,"3,0",0
328,"2,1",0
328,"1,2",0
328,"0,3",5
329,"3,0",0
329,"2,1",1
329,"1,2",0
329,"0,3",4
330,"3,0",0
330,"2,1",1
330,"1,2",0
330,"0,3",4
331,"3,0",0
331,"2,1",0
331,"1,2",0
331,"0,3",5
332,"3,0",0
332,"2,1",1
332,"1,2",0
332,"0,3",4
333,"3,0",0
333,"2,1",1
333,"1,2",0
333,"0,3",4
334,"3,0",0
334,"2,1",1
334,"1,2",0
334,"0,3",4
335,"3,0",0
335,"2,1",0
335,"1,2",0
335,"0,3",5
336,"3,0",0
336,"2,1",0
336,"1,2",1
336,"0,3",4
337,"3,0",0
337,"2,1",0
337,"1,2",0
337,"0,3",5
338,"3,0",0
338,"2,1",0
338,"1,2",0
338,"0,3",5
339,"3,0",0
339,"2,1",0
339,"1,2",0
339,"0,3",5
340,"3,0",0
340,"2,1",0
340,"1,2",0
340,"0,3",5
341,"3,0",0
341,"2,1",0
341,"1,2",0
341,"0,3",5
342,"3,0",0
342,"2,1",0
342,"1,2",0
342,"0,3",5
343,"3,0",0
343,"2,1",0
343,"1,2",0
343,"0,3",5
344,"3,0",0
344,"2,1",0
344,"1,2",0
344,"0,3",5
345,"3,0",0
345,"2,1",0
345,"1,2",0
345,"0,3",5
346,"3,0",0
346,"2,1",0
346,"1,2",0
346,"0,3",5
347,"3,0",0
347,"2,1",0
347,"1,2",0
347,"0,3",5
348,"3,0",0
348,"2,1",0
348,"1,2",0
348,"0,3",5
349,"3,0",0
349,"2,1",0
349,"1,2",0
349,"0,3",5
350,"3,0",0
350,"2,1",0
350,"1,2",0
350,"0,3",5
351,"3,0",0
351,"2,1",0
351,"1,2",0
351,"0,3",5
352,"3,0",0
352,"2,1",0
352,"1,2",0
352,"0,3",5
353,"3,0",0
353,"2,1",0
353,"1,2",0
353,"0,3",5
354,"3,0",0
354,"2,1",0
354,"1,2",0
354,"0,3",5
355,"3,0",0
355,"2,1",0
355,"1,2",0
355,"0,3",5
356,"3,0",0
356,"2,1",0
356,"1,2",0
356,"0,3",5
357,"3,0",0
357,"2,1",0
357,"1,2",0
357,"0,3",5
358,"3,0",0
358,"2,1",0
358,"1,2",1
358,"0,3",4
359,"3,0",0
359,"2,1",0
359,"1,2",0
359,"0,3",5
360,"3,0",0
360,"2,1",0
360,"1,2",0
360,"0,3",5
361,"3,0",0
361,"2,1",0
361,"1,2",0
361,"0,3",5
362,"3,0",0
362,"2,1",0
362,"1,2",0
362,"0,3",5
363,"3,0",0
363,"2,1",0
363,"1,2",0
363,"0,3",5
364,"3,0",0
364,"2,1",0
364,"1,2",0
364,"0,3",5
365,"3,0",0
365,"2,1",0
365,"1,2",0
365,"0,3",5
366,"3,0",0
366,"2,1",0
366,"1,2",0
366,"0,3",5
367,"3,0",0
367,"2,1",0
367,"1,2",0
367,"0,3",5
368,"3,0",0
368,"2,1",0
368,"1,2",0
368,"0,3",5
369,"3,0",0
369,"2,1",0
369,"1,2",0
369,"0,3",5
370,"3,0",0
370,"2,1",0
370,"1,2",0
370,"0,3",5
371,"3,0",0
371,"2,1",0
371,"1,2",0
371,"0,3",5
372,"3,0",0
372,"2,1",0
372,"1,2",0
372,"0,3",5
373,"3,0",0
373,"2,1",0
373,"1,2",0
373,"0,3",5
374,"3,0",0
374,"2,1",0
374,"1,2",0
374,"0,3",5
375,"3,0",0
375,"2,1",0
375,"1,2",0
375,"0,3",5
376,"3,0",0
376,"2,1",0
376,"1,2",0
376,"0,3",5
377,"3,0",0
377,"2,1",0
377,"1,2",0
377,"0,3",5
378,"3,0",1
378,"2,1",0
378,"1,2",0
378,"0,3",4
379,"3,0",1
379,"2,1",0
379,"1,2",0
379,"0,3",4
380,"3,0",1
380,"2,1",0
380,"1,2",0
380,"0,3",4
381,"3,0",0
381,"2,1",0
381,"1,2",0
381,"0,3",5
382,"3,0",0
382,"2,1",0
382,"1,2",0
382,"0,3",5
383,"3,0",0
383,"2,1",0
383,"1,2",0
383,"0,3",5
384,"3,0",0
384,"2,1",0
384,"1,2",0
384,"0,3",5
385,"3,0",0
385,"2,1",0
385,"1,2",0
385,"0,3",5
386,"3,0",0
386,"2,1",0
386,"1,2",0
386,"0,3",5
387,"3,0",0
387,"2,1",0
387,"1,2",0
387,"0,3",5
388,"3,0",0
388,"2,1",0
388,"1,2",0
388,"0,3",5
389,"3,0",0
389,"2,1",0
389,"1,2",0
389,"0,3",5
390,"3,0",0
390,"2,1",0
390,"1,2",0
390,"0,3",5
391,"3,0",0
391,"2,1",0
391,"1,2",0
391,"0,3",5
392,"3,0",0
392,"2,1",0
392,"1,2",0
392,"0,3",5
393,"3,0",0
393,"2,1",0
393,"1,2",0
393,"0,3",5
394,"3,0",0
394,"2,1",0
394,"1,2",0
394,"0,3",5
395,"3,0",0
395,"2,1",0
395,"1,2",0
395,"0,3",5
396,"3,0",0
396,"2,1",0
396,"1,2",0
396,"0,3",5
397,"3,0",0
397,"2,1",0
397,"1,2",0
397,"0,3",5
398,"3,0",0
398,"2,1",0
398,"1,2",0
398,"0,3",5
399,"3,0",0
399,"2,1",0
399,"1,2",0
399,"0,3",5
400,"3,0",0
400,"2,1",0
400,"1,2",0
400,"0,3",5
401,"3,0",0
401,"2,1",0
401,"1,2",0
401,"0,3",5
402,"3,0",0
402,"2,1",0
402,"1,2",0
402,"0,3",5
403,"3,0",0
403,"2,1",0
403,"1,2",0
403,"0,3",5
404,"3,0",0
404,"2,1",0
404,"1,2",0
404,"0,3",5
405,"3,0",0
405,"2,1",0
405,"1,2",0
405,"0,3",5
406,"3,0",0
406,"2,1",0
406,"1,2",0
406,"0,3",5
407,"3,0",0
407,"2,1",0
407,"1,2",0
407,"0,3",5
408,"3,0",0
408,"2,1",0
408,"1,2",0
408,"0,3",5
409,"3,0",0
409,"2,1",0
409,"1,2",0
409,"0,3",5
410,"3,0",0
410,"2,1",0
410,"1,2",0
410,"0,3",5
411,"3,0",0
411,"2,1",0
411,"1,2",0
411,"0,3",5
412,"3,0",0
412,"2,1",0
412,"1,2",0
412,"0,3",5
413,"3,0",0
413,"2,1",0
413,"1,2",0
413,"0,3",5
414,"3,0",0
414,"2,1",0
414,"1,2",1
414,"0,3",4
415,"3,0",0
415,"2,1",0
415,"1,2",0
415,"0,3",5
416,"3,0",0
416,"2,1",0
416,"1,2",0
416,"0,3",5
417,"3,0",0
417,"2,1",0
417,"1,2",0
417,"0,3",5
418,"3,0",0
418,"2,1",0
418,"1,2",0
418,"0,3",5
419,"3,0",0
419,"2,1",0
419,"1,2",0
419,"0,3",5
420,"3,0",0
420,"2,1",0
420,"1,2",0
420,"0,3",5
421,"3,0",0
421,"2,1",0
421,"1,2",0
421,"0,3",5
422,"3,0",0
422,"2,1",0
422,"1,2",0
422,"0,3",5
423,"3,0",0
423,"2,1",0
423,"1,2",0
423,"0,3",5
424,"3,0",0
424,"2,1",0
424,"1,2",0
424,"0,3",5
425,"3,0",0
425,"2,1",0
425,"1,2",0
425,"0,3",5
426,"3,0",0
426,"2,1",0
426,"1,2",1
426,"0,3",4
427,"3,0",0
427,"2,1",0
427,"1,2",1
427,"0,3",4
428,"3,0",0
428,"2,1",0
428,"1,2",1
428,"0,3",4
429,"3,0",0
429,"2,1",0
429,"1,2",1
429,"0,3",4
430,"3,0",0
430,"2,1",0
430,"1,2",1
430,"0,3",4
431,"3,0",0
431,"2,1",0
431,"1,2",1
431,"0,3",4
432,"3,0",0
432,"2,1",0
432,"1,2",1
432,"0,3",4
433,"3,0",0
433,"2,1",0
433,"1,2",1
433,"0,3",4
434,"3,0",0
434,"2,1",0
434,"1,2",0
434,"0,3",5
435,"3,0",0
435,"2,1",0
435,"1,2",0
435,"0,3",5
436,"3,0",0
436,"2,1",0
436,"1,2",0
436,"0,3",5
437,"3,0",0
437,"2,1",0
437,"1,2",1
437,"0,3",4
438,"3,0",0
438,"2,1",0
438,"1,2",1
438,"0,3",4
439,"3,0",0
439,"2,1",0
439,"1,2",1
439,"0,3",4
440,"3,0",0
440,"2,1",0
440,"1,2",0
440,"0,3",5
441,"3,0",0
441,"2,1",0
441,"1,2",0
441,"0,3",5
442,"3,0",0
442,"2,1",0
442,"1,2",0
442,"0,3",5
443,"3,0",0
443,"2,1",0
443,"1,2",0
443,"0,3",5
444,"3,0",0
444,"2,1",0
444,"1,2",0
444,"0,3",5
445,"3,0",0
445,"2,1",0
445,"1,2",0
445,"0,3",5
446,"3,0",0
446,"2,1",0
446,"1,2",0
446,"0,3",5
447,"3,0",0
447,"2,1",0
447,"1,2",0
447,"0,3",5
448,"3,0",0
448,"2,1",0
448,"1,2",0
448,"0,3",5
449,"3,0",0
449,"2,1",0
449,"1,2",0
449,"0,3",5
450,"3,0",0
450,"2,1",0
450,"1,2",0
450,"0,3",5
451,"3,0",0
451,"2,1",0
451,"1,2",0
451,"0,3",5
452,"3,0",0
452,"2,1",0
452,"1,2",0
452,"0,3",5
453,"3,0",0
453,"2,1",0
453,"1,2",0
453,"0,3",5
454,"3,0",0
454,"2,1",0
454,"1,2",0
454,"0,3",5
455,"3,0",0
455,"2,1",0
455,"1,2",0
455,"0,3",5
456,"3,0",0
456,"2,1",0
456,"1,2",0
456,"0,3",5
457,"3,0",0
457,"2,1",0
457,"1,2",0
457,"0,3",5
458,"3,0",0
458,"2,1",0
458,"1,2",0
458,"0,3",5
459,"3,0",0
459,"2,1",0
459,"1,2",0
459,"0,3",5
460,"3,0",0
460,"2,1",0
460,"1,2",0
460,"0,3",5
461,"3,0",0
461,"2,1",0
461,"1,2",0
461,"0,3",5
462,"3,0",0
462,"2,1",0
462,"1,2",0
462,"0,3",5
463,"3,0",0
463,"2,1",0
463,"1,2",0
463,"0,3",5
464,"3,0",0
464,"2,1",0
464,"1,2",0
464,"0,3",5
465,"3,0",0
465,"2,1",0
465,"1,2",0
465,"0,3",5
466,"3,0",0
466,"2,1",0
466,"1,2",0
466,"0,3",5
467,"3,0",0
467,"2,1",0
467,"1,2",0
467,"0,3",5
468,"3,0",0
468,"2,1",0
468,"1,2",0
468,"0,3",5
469,"3,0",0
469,"2,1",0
469,"1,2",0
469,"0,3",5
470,"3,0",0
470,"2,1",0
470,"1,2",0
470,"0,3",5
471,"3,0",0
471,"2,1",0
471,"1,2",0
471,"0,3",5
472,"3,0",0
472,"2,1",0
472,"1,2",0
472,"0,3",5
473,"3,0",0
473,"2,1",0
473,"1,2",0
473,"0,3",5
474,"3,0",0
474,"2,1",0
474,"1,2",0
474,"0,3",5
475,"3,0",0
475,"2,1",0
475,"1,2",0
475,"0,3",5
476,"3,0",0
476,"2,1",0
476,"1,2",0
476,"0,3",5
477,"3,0",0
477,"2,1",0
477,"1,2",0
477,"0,3",5
478,"3,0",0
478,"2,1",0
478,"1,2",0
478,"0,3",5
479,"3,0",0
479,"2,1",0
479,"1,2",0
479,"0,3",5
480,"3,0",0
480,"2,1",0
480,"1,2",0
480,"0,3",5
481,"3,0",0
481,"2,1",0
481,"1,2",0
481,"0,3",5
482,"3,0",0
482,"2,1",0
482,"1,2",1
482,"0,3",4
483,"3,0",0
483,"2,1",0
483,"1,2",2
483,"0,3",3
484,"3,0",0
484,"2,1",0
484,"1,2",2
484,"0,3",3
485,"3,0",0
485,"2,1",0
485,"1,2",2
485,"0,3",3
486,"3,0",0
486,"2,1",0
486,"1,2",2
486,"0,3",3
487,"3,0",0
487,"2,1",0
487,"1,2",2
487,"0,3",3
488,"3,0",0
488,"2,1",0
488,"1,2",1
488,"0,3",4
489,"3,0",0
489,"2,1",0
489,"1,2",0
489,"0,3",5
490,"3,0",0
490,"2,1",0
490,"1,2",0
490,"0,3",5
491,"3,0",0
491,"2,1",0
491,"1,2",0
491,"0,3",5
492,"3,0",0
492,"2,1",0
492,"1,2",1
492,"0,3",4
493,"3,0",1
493,"2,1",0
493,"1,2",0
493,"0,3",4
494,"3,0",1
494,"2,1",0
494,"1,2",0
494,"0,3",4
495,"3,0",1
495,"2,1",0
495,"1,2",1
495,"0,3",3
496,"3,0",0
496,"2,1",0
496,"1,2",1
496,"0,3",4
497,"3,0",0
497,"2,1",0
497,"1,2",0
497,"0,3",5
498,"3,0",0
498,"2,1",0
498,"1,2",0
498,"0,3",5
499,"3,0",0
499,"2,1",0
499,"1,2",0
499,"0,3",5
500,"3,0",0
500,"2,1",0
500,"1,2",0
500,"0,3",5
501,"3,0",0
501,"2,1",0
501,"1,2",0
501,"0,3",5
502,"3,0",0
502,"2,1",0
502,"1,2",0
502,"0,3",5
503,"3,0",0
503,"2,1",0
503,"1,2",1
503,"0,3",4
504,"3,0",0
504,"2,1",0
504,"1,2",1
504,"0,3",4
505,"3,0",0
505,"2,1",0
505,"1,2",0
505,"0,3",5
506,"3,0",0
506,"2,1",0
506,"1,2",0
506,"0,3",5
507,"3,0",0
507,"2,1",0
507,"1,2",0
507,"0,3",5
508,"3,0",0
508,"2,1",0
508,"1,2",0
508,"0,3",5
509,"3,0",0
509,"2,1",0
509,"1,2",0
509,"0,3",5
510,"3,0",0
510,"2,1",0
510,"1,2",0
510,"0,3",5
511,"3,0",0
511,"2,1",0
511,"1,2",1
511,"0,3",4
512,"3,0",0
512,"2,1",0
512,"1,2",0
512,"0,3",5
513,"3,0",0
513,"2,1",0
513,"1,2",0
513,"0,3",5
514,"3,0",0
514,"2,1",0
514,"1,2",0
514,"0,3",5
515,"3,0",0
515,"2,1",0
515,"1,2",0
515,"0,3",5
516,"3,0",0
516,"2,1",0
516,"1,2",0
516,"0,3",5
517,"3,0",0
517,"2,1",0
517,"1,2",0
517,"0,3",5
518,"3,0",0
518,"2,1",0
518,"1,2",0
518,"0,3",5
519,"3,0",0
519,"2,1",0
519,"1,2",0
519,"0,3",5
520,"3,0",0
520,"2,1",0
520,"1,2",0
520,"0,3",5
521,"3,0",0
521,"2,1",0
521,"1,2",0
521,"0,3",5
522,"3,0",0
522,"2,1",0
522,"1,2",0
522,"0,3",5
523,"3,0",0
523,"2,1",0
523,"1,2",0
523,"0,3",5
524,"3,0",0
524,"2,1",0
524,"1,2",0
524,"0,3",5
525,"3,0",0
525,"2,1",0
525,"1,2",0
525,"0,3",5
526,"3,0",0
526,"2,1",0
526,"1,2",0
526,"0,3",5
527,"3,0",0
527,"2,1",0
527,"1,2",0
527,"0,3",5
528,"3,0",0
528,"2,1",0
528,"1,2",0
528,"0,3",5
529,"3,0",0
529,"2,1",0
529,"1,2",0
529,"0,3",5
530,"3,0",0
530,"2,1",0
530,"1,2",0
530,"0,3",5
531,"3,0",0
531,"2,1",0
531,"1,2",0
531,"0,3",5
532,"3,0",0
532,"2,1",0
532,"1,2",0
532,"0,3",5
533,"3,0",0
533,"2,1",0
533,"1,2",1
533,"0,3",4
534,"3,0",0
534,"2,1",0
534,"1,2",1
534,"0,3",4
535,"3,0",0
535,"2,1",0
535,"1,2",1
535,"0,3",4
536,"3,0",0
536,"2,1",0
536,"1,2",0
536,"0,3",5
537,"3,0",0
537,"2,1",0
537,"1,2",0
537,"0,3",5
538,"3,0",0
538,"2,1",0
538,"1,2",0
538,"0,3",5
539,"3,0",0
539,"2,1",0
539,"1,2",0
539,"0,3",5
540,"3,0",0
540,"2,1",0
540,"1,2",0
540,"0,3",5
541,"3,0",0
541,"2,1",0
541,"1,2",0
541,"0,3",5
542,"3,0",0
542,"2,1",0
542,"1,2",0
542,"0,3",5
543,"3,0",0
543,"2,1",0
543,"1,2",0
543,"0,3",5
544,"3,0",0
544,"2,1",0
544,"1,2",0
544,"0,3",5
545,"3,0",0
545,"2,1",0
545,"1,2",1
545,"0,3",4
546,"3,0",0
546,"2,1",0
546,"1,2",1
546,"0,3",4
547,"3,0",0
547,"2,1",0
547,"1,2",1
547,"0,3",4
548,"3,0",0
548,"2,1",0
548,"1,2",1
548,"0,3",4
549,"3,0",0
549,"2,1",0
549,"1,2",0
549,"0,3",5
550,"3,0",0
550,"2,1",0
550,"1,2",0
550,"0,3",5
551,"3,0",0
551,"2,1",0
551,"1,2",0
551,"0,3",5
552,"3,0",0
552,"2,1",0
552,"1,2",0
552,"0,3",5
553,"3,0",0
553,"2,1",0
553,"1,2",1
553,"0,3",4
554,"3,0",0
554,"2,1",0
554,"1,2",0
554,"0,3",5
555,"3,0",0
555,"2,1",0
555,"1,2",0
555,"0,3",5
556,"3,0",0
556,"2,1",0
556,"1,2",0
556,"0,3",5
557,"3,0",0
557,"2,1",0
557,"1,2",0
557,"0,3",5
558,"3,0",0
558,"2,1",0
558,"1,2",0
558,"0,3",5
559,"3,0",0
559,"2,1",0
559,"1,2",0
559,"0,3",5
560,"3,0",0
560,"2,1",0
560,"1,2",0
560,"0,3",5
561,"3,0",0
561,"2,1",0
561,"1,2",0
561,"0,3",5
562,"3,0",0
562,"2,1",0
562,"1,2",0
562,"0,3",5
563,"3,0",0
563,"2,1",0
563,"1,2",0
563,"0,3",5
564,"3,0",0
564,"2,1",0
564,"1,2",0
564,"0,3",5
565,"3,0",0
565,"2,1",0
565,"1,2",0
565,"0,3",5
566,"3,0",0
566,"2,1",0
566,"1,2",0
566,"0,3",5
567,"3,0",0
567,"2,1",0
567,"1,2",1
567,"0,3",4
568,"3,0",0
568,"2,1",0
568,"1,2",1
568,"0,3",4
569,"3,0",0
569,"2,1",0
569,"1,2",0
569,"0,3",5
570,"3,0",0
570,"2,1",0
570,"1,2",0
570,"0,3",5
571,"3,0",0
571,"2,1",0
571,"1,2",0
571,"0,3",5
572,"3,0",0
572,"2,1",0
572,"1,2",0
572,"0,3",5
573,"3,0",0
573,"2,1",0
573,"1,2",0
573,"0,3",5
574,"3,0",0
574,"2,1",0
574,"1,2",1
574,"0,3",4
575,"3,0",0
575,"2,1",0
575,"1,2",0
575,"0,3",5
576,"3,0",0
576,"2,1",0
576,"1,2",0
576,"0,3",5
577,"3,0",0
577,"2,1",0
577,"1,2",1
577,"0,3",4
578,"3,0",0
578,"2,1",0
578,"1,2",1
578,"0,3",4
579,"3,0",0
579,"2,1",0
579,"1,2",1
579,"0,3",4
580,"3,0",0
580,"2,1",0
580,"1,2",0
580,"0,3",5
581,"3,0",0
581,"2,1",0
581,"1,2",0
581,"0,3",5
582,"3,0",0
582,"2,1",0
582,"1,2",0
582,"0,3",5
583,"3,0",0
583,"2,1",0
583,"1,2",0
583,"0,3",5
584,"3,0",0
584,"2,1",0
584,"1,2",0
584,"0,3",5
585,"3,0",0
585,"2,1",0
585,"1,2",0
585,"0,3",5
586,"3,0",0
586,"2,1",0
586,"1,2",0
586,"0,3",5
587,"3,0",0
587,"2,1",0
587,"1,2",1
587,"0,3",4
588,"3,0",0
588,"2,1",0
588,"1,2",0
588,"0,3",5
589,"3,0",0
589,"2,1",0
589,"1,2",0
589,"0,3",5
590,"3,0",0
590,"2,1",0
590,"1,2",0
590,"0,3",5
591,"3,0",0
591,"2,1",0
591,"1,2",0
591,"0,3",5
592,"3,0",0
592,"2,1",0
592,"1,2",0
592,"0,3",5
593,"3,0",0
593,"2,1",0
593,"1,2",0
593,"0,3",5
594,"3,0",0
594,"2,1",0
594,"1,2",0
594,"0,3",5
595,"3,0",0
595,"2,1",0
595,"1,2",1
595,"0,3",4
596,"3,0",0
596,"2,1",0
596,"1,2",1
596,"0,3",4
597,"3,0",0
597,"2,1",0
597,"1,2",1
597,"0,3",4
598,"3,0",0
598,"2,1",0
598,"1,2",2
598,"0,3",3
599,"3,0",0
599,"2,1",0
599,"1,2",2
599,"0,3",3
600,"3,0",0
600,"2,1",0
600,"1,2",1
600,"0,3",4
601,"3,0",0
601,"2,1",0
601,"1,2",0
601,"0,3",5
602,"3,0",0
602,"2,1",0
602,"1,2",0
602,"0,3",5
603,"3,0",0
603,"2,1",0
603,"1,2",0
603,"0,3",5
604,"3,0",0
604,"2,1",0
604,"1,2",0
604,"0,3",5
605,"3,0",0
605,"2,1",0
605,"1,2",0
605,"0,3",5
606,"3,0",0
606,"2,1",0
606,"1,2",0
606,"0,3",5
607,"3,0",0
607,"2,1",0
607,"1,2",0
607,"0,3",5
608,"3,0",0
608,"2,1",0
608,"1,2",0
608,"0,3",5
609,"3,0",0
609,"2,1",0
609,"1,2",0
609,"0,3",5
610,"3,0",0
610,"2,1",0
610,"1,2",0
610,"0,3",5
611,"3,0",0
611,"2,1",0
611,"1,2",0
611,"0,3",5
612,"3,0",0
612,"2,1",0
612,"1,2",0
612,"0,3",5
613,"3,0",0
613,"2,1",0
613,"1,2",0
613,"0,3",5
614,"3,0",0
614,"2,1",0
614,"1,2",1
614,"0,3",4
615,"3,0",0
615,"2,1",0
615,"1,2",1
615,"0,3",4
616,"3,0",0
616,"2,1",0
616,"1,2",1
616,"0,3",4
617,"3,0",0
617,"2,1",0
617,"1,2",1
617,"0,3",4
618,"3,0",0
618,"2,1",0
618,"1,2",1
618,"0,3",4
619,"3,0",0
619,"2,1",0
619,"1,2",1
619,"0,3",4
620,"3,0",0
620,"2,1",1
620,"1,2",1
620,"0,3",3
621,"3,0",0
621,"2,1",0
621,"1,2",1
621,"0,3",4
622,"3,0",0
622,"2,1",0
622,"1,2",0
622,"0,3",5
623,"3,0",0
623,"2,1",0
623,"1,2",0
623,"0,3",5
624,"3,0",0
624,"2,1",0
624,"1,2",0
624,"0,3",5
625,"3,0",0
625,"2,1",0
625,"1,2",0
625,"0,3",5
626,"3,0",0
626,"2,1",0
626,"1,2",0
626,"0,3",5
627,"3,0",0
627,"2,1",0
627,"1,2",0
627,"0,3",5
628,"3,0",0
628,"2,1",0
628,"1,2",0
628,"0,3",5
629,"3,0",0
629,"2,1",0
629,"1,2",0
629,"0,3",5
630,"3,0",0
630,"2,1",0
630,"1,2",0
630,"0,3",5
631,"3,0",0
631,"2,1",0
631,"1,2",0
631,"0,3",5
632,"3,0",0
632,"2,1",0
632,"1,2",0
632,"0,3",5
633,"3,0",0
633,"2,1",0
633,"1,2",0
633,"0,3",5
634,"3,0",0
634,"2,1",0
634,"1,2",0
634,"0,3",5
635,"3,0",0
635,"2,1",0
635,"1,2",0
635,"0,3",5
636,"3,0",0
636,"2,1",0
636,"1,2",0
636,"0,3",5
637,"3,0",0
637,"2,1",0
637,"1,2",0
637,"0,3",5
638,"3,0",0
638,"2,1",0
638,"1,2",0
638,"0,3",5
639,"3,0",0
639,"2,1",0
639,"1,2",0
639,"0,3",5
640,"3,0",0
640,"2,1",0
640,"1,2",0
640,"0,3",5
641,"3,0",0
641,"2,1",0
641,"1,2",1
641,"0,3",4
642,"3,0",0
642,"2,1",0
642,"1,2",0
642,"0,3",5
643,"3,0",0
643,"2,1",0
643,"1,2",0
643,"0,3",5
644,"3,0",0
644,"2,1",0
644,"1,2",0
644,"0,3",5
645,"3,0",0
645,"2,1",0
645,"1,2",0
645,"0,3",5
646,"3,0",0
646,"2,1",0
646,"1,2",0
646,"0,3",5
647,"3,0",0
647,"2,1",0
647,"1,2",0
647,"0,3",5
648,"3,0",0
648,"2,1",0
648,"1,2",0
648,"0,3",5
649,"3,0",0
649,"2,1",0
649,"1,2",0
649,"0,3",5
650,"3,0",0
650,"2,1",0
650,"1,2",0
650,"0,3",5
651,"3,0",0
651,"2,1",0
651,"1,2",0
651,"0,3",5
652,"3,0",0
652,"2,1",0
652,"1,2",0
652,"0,3",5
653,"3,0",0
653,"2,1",0
653,"1,2",1
653,"0,3",4
654,"3,0",0
654,"2,1",0
654,"1,2",2
654,"0,3",3
655,"3,0",0
655,"2,1",0
655,"1,2",2
655,"0,3",3
656,"3,0",0
656,"2,1",0
656,"1,2",1
656,"0,3",4
657,"3,0",0
657,"2,1",0
657,"1,2",2
657,"0,3",3
658,"3,0",0
658,"2,1",0
658,"1,2",1
658,"0,3",4
659,"3,0",0
659,"2,1",0
659,"1,2",0
659,"0,3",5
660,"3,0",0
660,"2,1",0
660,"1,2",1
660,"0,3",4
661,"3,0",0
661,"2,1",0
661,"1,2",1
661,"0,3",4
662,"3,0",0
662,"2,1",0
662,"1,2",1
662,"0,3",4
663,"3,0",0
663,"2,1",0
663,"1,2",1
663,"0,3",4
664,"3,0",0
664,"2,1",0
664,"1,2",1
664,"0,3",4
665,"3,0",0
665,"2,1",0
665,"1,2",2
665,"0,3",3
666,"3,0",0
666,"2,1",0
666,"1,2",1
666,"0,3",4
667,"3,0",0
667,"2,1",0
667,"1,2",0
667,"0,3",5
668,"3,0",0
668,"2,1",0
668,"1,2",0
668,"0,3",5
669,"3,0",0
669,"2,1",0
669,"1,2",1
669,"0,3",4
670,"3,0",0
670,"2,1",0
670,"1,2",1
670,"0,3",4
671,"3,0",0
671,"2,1",0
671,"1,2",1
671,"0,3",4
672,"3,0",0
672,"2,1",0
672,"1,2",1
672,"0,3",4
673,"3,0",0
673,"2,1",0
673,"1,2",1
673,"0,3",4
674,"3,0",0
674,"2,1",0
674,"1,2",1
674,"0,3",4
675,"3,0",0
675,"2,1",0
675,"1,2",1
675,"0,3",4
676,"3,0",0
676,"2,1",0
676,"1,2",1
676,"0,3",4
677,"3,0",0
677,"2,1",0
677,"1,2",1
677,"0,3",4
678,"3,0",0
678,"2,1",0
678,"1,2",1
678,"0,3",4
679,"3,0",0
679,"2,1",0
679,"1,2",1
679,"0,3",4
680,"3,0",0
680,"2,1",0
680,"1,2",1
680,"0,3",4
681,"3,0",0
681,"2,1",0
681,"1,2",0
681,"0,3",5
682,"3,0",0
682,"2,1",0
682,"1,2",0
682,"0,3",5
683,"3,0",0
683,"2,1",0
683,"1,2",0
683,"0,3",5
684,"3,0",0
684,"2,1",0
684,"1,2",0
684,"0,3",5
685,"3,0",0
685,"2,1",0
685,"1,2",0
685,"0,3",5
686,"3,0",0
686,"2,1",0
686,"1,2",0
686,"0,3",5
687,"3,0",0
687,"2,1",0
687,"1,2",0
687,"0,3",5
688,"3,0",0
688,"2,1",0
688,"1,2",0
688,"0,3",5
689,"3,0",0
689,"2,1",0
689,"1,2",0
689,"0,3",5
690,"3,0",0
690,"2,1",0
690,"1,2",0
690,"0,3",5
691,"3,0",0
691,"2,1",0
691,"1,2",0
691,"0,3",5
692,"3,0",0
692,"2,1",0
692,"1,2",1
692,"0,3",4
693,"3,0",0
693,"2,1",0
693,"1,2",1
693,"0,3",4
694,"3,0",0
694,"2,1",0
694,"1,2",1
694,"0,3",4
695,"3,0",0
695,"2,1",0
695,"1,2",2
695,"0,3",3
696,"3,0",0
696,"2,1",0
696,"1,2",2
696,"0,3",3
697,"3,0",0
697,"2,1",0
697,"1,2",1
697,"0,3",4
698,"3,0",0
698,"2,1",0
698,"1,2",0
698,"0,3",5
699,"3,0",0
699,"2,1",0
699,"1,2",0
699,"0,3",5
700,"3,0",0
700,"2,1",0
700,"1,2",0
700,"0,3",5
701,"3,0",0
701,"2,1",0
701,"1,2",1
701,"0,3",4
702,"3,0",0
702,"2,1",0
702,"1,2",1
702,"0,3",4
703,"3,0",0
703,"2,1",0
703,"1,2",1
703,"0,3",4
704,"3,0",0
704,"2,1",0
704,"1,2",1
704,"0,3",4
705,"3,0",0
705,"2,1",0
705,"1,2",1
705,"0,3",4
706,"3,0",0
706,"2,1",0
706,"1,2",1
706,"0,3",4
707,"3,0",0
707,"2,1",0
707,"1,2",1
707,"0,3",4
708,"3,0",0
708,"2,1",0
708,"1,2",1
708,"0,3",4
709,"3,0",0
709,"2,1",0
709,"1,2",2
709,"0,3",3
710,"3,0",0
710,"2,1",0
710,"1,2",2
710,"0,3",3
711,"3,0",0
711,"2,1",0
711,"1,2",1
711,"0,3",4
712,"3,0",0
712,"2,1",0
712,"1,2",1
712,"0,3",4
713,"3,0",0
713,"2,1",0
713,"1,2",1
713,"0,3",4
714,"3,0",0
714,"2,1",0
714,"1,2",1
714,"0,3",4
715,"3,0",0
715,"2,1",0
715,"1,2",0
715,"0,3",5
716,"3,0",0
716,"2,1",0
716,"1,2",0
716,"0,3",5
717,"3,0",0
717,"2,1",0
717,"1,2",0
717,"0,3",5
718,"3,0",0
718,"2,1",0
718,"1,2",0
718,"0,3",5
719,"3,0",0
719,"2,1",0
719,"1,2",1
719,"0,3",4
720,"3,0",0
720,"2,1",0
720,"1,2",1
720,"0,3",4
721,"3,0",0
721,"2,1",0
721,"1,2",1
721,"0,3",4
722,"3,0",0
722,"2,1",0
722,"1,2",1
722,"0,3",4
723,"3,0",0
723,"2,1",0
723,"1,2",1
723,"0,3",4
724,"3,0",0
724,"2,1",0
724,"1,2",1
724,"0,3",4
725,"3,0",0
725,"2,1",0
725,"1,2",1
725,"0,3",4
726,"3,0",0
726,"2,1",0
726,"1,2",1
726,"0,3",4
727,"3,0",0
727,"2,1",0
727,"1,2",1
727,"0,3",4
728,"3,0",0
728,"2,1",0
728,"1,2",1
728,"0,3",4
729,"3,0",0
729,"2,1",0
729,"1,2",1
729,"0,3",4
730,"3,0",0
730,"2,1",0
730,"1,2",1
730,"0,3",4
731,"3,0",0
731,"2,1",0
731,"1,2",0
731,"0,3",5
732,"3,0",0
732,"2,1",0
732,"1,2",0
732,"0,3",5
733,"3,0",0
733,"2,1",0
733,"1,2",0
733,"0,3",5
734,"3,0",0
734,"2,1",0
734,"1,2",0
734,"0,3",5
735,"3,0",0
735,"2,1",0
735,"1,2",0
735,"0,3",5
736,"3,0",0
736,"2,1",0
736,"1,2",0
736,"0,3",5
737,"3,0",0
737,"2,1",0
737,"1,2",0
737,"0,3",5
738,"3,0",0
738,"2,1",0
738,"1,2",0
738,"0,3",5
739,"3,0",0
739,"2,1",0
739,"1,2",0
739,"0,3",5
740,"3,0",0
740,"2,1",0
740,"1,2",1
740,"0,3",4
741,"3,0",0
741,"2,1",0
741,"1,2",0
741,"0,3",5
742,"3,0",0
742,"2,1",0
742,"1,2",0
742,"0,3",5
743,"3,0",0
743,"2,1",0
743,"1,2",0
743,"0,3",5
744,"3,0",0
744,"2,1",0
744,"1,2",0
744,"0,3",5
745,"3,0",0
745,"2,1",0
745,"1,2",0
745,"0,3",5
746,"3,0",0
746,"2,1",0
746,"1,2",0
746,"0,3",5
747,"3,0",0
747,"2,1",0
747,"1,2",0
747,"0,3",5
748,"3,0",0
748,"2,1",0
748,"1,2",0
748,"0,3",5
749,"3,0",0
749,"2,1",0
749,"1,2",0
749,"0,3",5
750,"3,0",0
750,"2,1",0
750,"1,2",0
750,"0,3",5
751,"3,0",0
751,"2,1",0
751,"1,2",0
751,"0,3",5
752,"3,0",0
752,"2,1",0
752,"1,2",0
752,"0,3",5
753,"3,0",0
753,"2,1",0
753,"1,2",0
753,"0,3",5
754,"3,0",0
754,"2,1",0
754,"1,2",0
754,"0,3",5
755,"3,0",0
755,"2,1",0
755,"1,2",0
755,"0,3",5
756,"3,0",0
756,"2,1",0
756,"1,2",0
756,"0,3",5
757,"3,0",0
757,"2,1",0
757,"1,2",0
757,"0,3",5
758,"3,0",0
758,"2,1",0
758,"1,2",0
758,"0,3",5
759,"3,0",0
759,"2,1",0
759,"1,2",0
759,"0,3",5
760,"3,0",0
760,"2,1",0
760,"1,2",0
760,"0,3",5
761,"3,0",0
761,"2,1",0
761,"1,2",0
761,"0,3",5
762,"3,0",0
762,"2,1",0
762,"1,2",0
762,"0,3",5
763,"3,0",0
763,"2,1",0
763,"1,2",0
763,"0,3",5
764,"3,0",0
764,"2,1",0
764,"1,2",0
764,"0,3",5
765,"3,0",0
765,"2,1",0
765,"1,2",0
765,"0,3",5
766,"3,0",0
766,"2,1",0
766,"1,2",0
766,"0,3",5
767,"3,0",0
767,"2,1",0
767,"1,2",1
767,"0,3",4
768,"3,0",0
768,"2,1",0
768,"1,2",1
768,"0,3",4
769,"3,0",0
769,"2,1",0
769,"1,2",1
769,"0,3",4
770,"3,0",0
770,"2,1",0
770,"1,2",2
770,"0,3",3
771,"3,0",0
771,"2,1",0
771,"1,2",1
771,"0,3",4
772,"3,0",0
772,"2,1",0
772,"1,2",1
772,"0,3",4
773,"3,0",0
773,"2,1",0
773,"1,2",0
773,"0,3",5
774,"3,0",0
774,"2,1",0
774,"1,2",0
774,"0,3",5
775,"3,0",0
775,"2,1",0
775,"1,2",0
775,"0,3",5
776,"3,0",0
776,"2,1",0
776,"1,2",0
776,"0,3",5
777,"3,0",0
777,"2,1",0
777,"1,2",0
777,"0,3",5
778,"3,0",0
778,"2,1",0
778,"1,2",0
778,"0,3",5
779,"3,0",0
779,"2,1",0
779,"1,2",0
779,"0,3",5
780,"3,0",0
780,"2,1",0
780,"1,2",0
780,"0,3",5
781,"3,0",0
781,"2,1",0
781,"1,2",0
781,"0,3",5
782,"3,0",0
782,"2,1",0
782,"1,2",0
782,"0,3",5
783,"3,0",0
783,"2,1",0
783,"1,2",0
783,"0,3",5
784,"3,0",0
784,"2,1",0
784,"1,2",0
784,"0,3",5
785,"3,0",0
785,"2,1",0
785,"1,2",0
785,"0,3",5
786,"3,0",0
786,"2,1",0
786,"1,2",1
786,"0,3",4
787,"3,0",0
787,"2,1",0
787,"1,2",1
787,"0,3",4
788,"3,0",0
788,"2,1",0
788,"1,2",0
788,"0,3",5
789,"3,0",0
789,"2,1",0
789,"1,2",0
789,"0,3",5
790,"3,0",0
790,"2,1",0
790,"1,2",0
790,"0,3",5
791,"3,0",0
791,"2,1",0
791,"1,2",0
791,"0,3",5
792,"3,0",0
792,"2,1",0
792,"1,2",0
792,"0,3",5
793,"3,0",0
793,"2,1",0
793,"1,2",0
793,"0,3",5
794,"3,0",0
794,"2,1",0
794,"1,2",0
794,"0,3",5
795,"3,0",0
795,"2,1",0
795,"1,2",0
795,"0,3",5
796,"3,0",0
796,"2,1",0
796,"1,2",0
796,"0,3",5
797,"3,0",0
797,"2,1",1
797,"1,2",0
797,"0,3",4
798,"3,0",0
798,"2,1",1
798,"1,2",0
798,"0,3",4
799,"3,0",0
799,"2,1",1
799,"1,2",0
799,"0,3",4
800,"3,0",0
800,"2,1",0
800,"1,2",0
800,"0,3",5
801,"3,0",0
801,"2,1",0
801,"1,2",0
801,"0,3",5
802,"3,0",0
802,"2,1",0
802,"1,2",0
802,"0,3",5
803,"3,0",0
803,"2,1",0
803,"1,2",1
803,"0,3",4
804,"3,0",0
804,"2,1",0
804,"1,2",1
804,"0,3",4
805,"3,0",0
805,"2,1",0
805,"1,2",1
805,"0,3",4
806,"3,0",0
806,"2,1",0
806,"1,2",1
806,"0,3",4
807,"3,0",0
807,"2,1",0
807,"1,2",1
807,"0,3",4
808,"3,0",0
808,"2,1",0
808,"1,2",1
808,"0,3",4
809,"3,0",0
809,"2,1",0
809,"1,2",1
809,"0,3",4
810,"3,0",0
810,"2,1",0
810,"1,2",0
810,"0,3",5
811,"3,0",0
811,"2,1",0
811,"1,2",0
811,"0,3",5
812,"3,0",0
812,"2,1",0
812,"1,2",0
812,"0,3",5
813,"3,0",0
813,"2,1",0
813,"1,2",0
813,"0,3",5
814,"3,0",0
814,"2,1",0
814,"1,2",0
814,"0,3",5
815,"3,0",0
815,"2,1",0
815,"1,2",0
815,"0,3",5
816,"3,0",0
816,"2,1",0
816,"1,2",0
816,"0,3",5
817,"3,0",0
817,"2,1",0
817,"1,2",0
817,"0,3",5
818,"3,0",0
818,"2,1",0
818,"1,2",0
818,"0,3",5
819,"3,0",0
819,"2,1",0
819,"1,2",0
819,"0,3",5
820,"3,0",0
820,"2,1",0
820,"1,2",0
820,"0,3",5
821,"3,0",0
821,"2,1",0
821,"1,2",0
821,"0,3",5
822,"3,0",0
822,"2,1",0
822,"1,2",0
822,"0,3",5
823,"3,0",0
823,"2,1",0
823,"1,2",0
823,"0,3",5
824,"3,0",0
824,"2,1",0
824,"1,2",0
824,"0,3",5
825,"3,0",0
825,"2,1",0
825,"1,2",0
825,"0,3",5
826,"3,0",0
826,"2,1",0
826,"1,2",1
826,"0,3",4
827,"3,0",0
827,"2,1",0
827,"1,2",2
827,"0,3",3
828,"3,0",0
828,"2,1",0
828,"1,2",2
828,"0,3",3
829,"3,0",0
829,"2,1",0
829,"1,2",2
829,"0,3",3
830,"3,0",0
830,"2,1",0
830,"1,2",2
830,"0,3",3
831,"3,0",0
831,"2,1",0
831,"1,2",1
831,"0,3",4
832,"3,0",0
832,"2,1",0
832,"1,2",1
832,"0,3",4
833,"3,0",0
833,"2,1",0
833,"1,2",0
833,"0,3",5
834,"3,0",0
834,"2,1",0
834,"1,2",0
834,"0,3",5
835,"3,0",0
835,"2,1",0
835,"1,2",0
835,"0,3",5
836,"3,0",0
836,"2,1",0
836,"1,2",1
836,"0,3",4
837,"3,0",0
837,"2,1",0
837,"1,2",1
837,"0,3",4
838,"3,0",0
838,"2,1",0
838,"1,2",1
838,"0,3",4
839,"3,0",0
839,"2,1",0
839,"1,2",1
839,"0,3",4
840,"3,0",0
840,"2,1",0
840,"1,2",1
840,"0,3",4
841,"3,0",0
841,"2,1",0
841,"1,2",0
841,"0,3",5
842,"3,0",0
842,"2,1",0
842,"1,2",0
842,"0,3",5
843,"3,0",0
843,"2,1",0
843,"1,2",0
843,"0,3",5
844,"3,0",0
844,"2,1",0
844,"1,2",1
844,"0,3",4
845,"3,0",0
845,"2,1",0
845,"1,2",0
845,"0,3",5
846,"3,0",0
846,"2,1",0
846,"1,2",0
846,"0,3",5
847,"3,0",0
847,"2,1",0
847,"1,2",0
847,"0,3",5
848,"3,0",0
848,"2,1",0
848,"1,2",0
848,"0,3",5
849,"3,0",0
849,"2,1",0
849,"1,2",0
849,"0,3",5
850,"3,0",0
850,"2,1",0
850,"1,2",0
850,"0,3",5
851,"3,0",0
851,"2,1",0
851,"1,2",0
851,"0,3",5
852,"3,0",0
852,"2,1",0
852,"1,2",0
852,"0,3",5
853,"3,0",0
853,"2,1",0
853,"1,2",0
853,"0,3",5
854,"3,0",0
854,"2,1",0
854,"1,2",0
854,"0,3",5
855,"3,0",0
855,"2,1",0
855,"1,2",0
855,"0,3",5
856,"3,0",0
856,"2,1",0
856,"1,2",0
856,"0,3",5
857,"3,0",0
857,"2,1",0
857,"1,2",0
857,"0,3",5
858,"3,0",0
858,"2,1",0
858,"1,2",0
858,"0,3",5
859,"3,0",0
859,"2,1",0
859,"1,2",0
859,"0,3",5
860,"3,0",0
860,"2,1",0
860,"1,2",0
860,"0,3",5
861,"3,0",0
861,"2,1",0
861,"1,2",0
861,"0,3",5
862,"3,0",0
862,"2,1",0
862,"1,2",0
862,"0,3",5
863,"3,0",0
863,"2,1",0
863,"1,2",0
863,"0,3",5
864,"3,0",0
864,"2,1",0
864,"1,2",0
864,"0,3",5
865,"3,0",0
865,"2,1",0
865,"1,2",0
865,"0,3",5
866,"3,0",0
866,"2,1",0
866,"1,2",0
866,"0,3",5
867,"3,0",0
867,"2,1",0
867,"1,2",1
867,"0,3",4
868,"3,0",0
868,"2,1",0
868,"1,2",1
868,"0,3",4
869,"3,0",1
869,"2,1",0
869,"1,2",1
869,"0,3",3
870,"3,0",1
870,"2,1",0
870,"1,2",0
870,"0,3",4
871,"3,0",1
871,"2,1",0
871,"1,2",0
871,"0,3",4
872,"3,0",1
872,"2,1",0
872,"1,2",0
872,"0,3",4
873,"3,0",1
873,"2,1",0
873,"1,2",0
873,"0,3",4
874,"3,0",0
874,"2,1",0
874,"1,2",0
874,"0,3",5
875,"3,0",0
875,"2,1",0
875,"1,2",0
875,"0,3",5
876,"3,0",0
876,"2,1",0
876,"1,2",0
876,"0,3",5
877,"3,0",0
877,"2,1",0
877,"1,2",0
877,"0,3",5
878,"3,0",0
878,"2,1",0
878,"1,2",1
878,"0,3",4
879,"3,0",0
879,"2,1",0
879,"1,2",1
879,"0,3",4
880,"3,0",0
880,"2,1",0
880,"1,2",1
880,"0,3",4
881,"3,0",0
881,"2,1",0
881,"1,2",1
881,"0,3",4
882,"3,0",0
882,"2,1",0
882,"1,2",2
882,"0,3",3
883,"3,0",0
883,"2,1",0
883,"1,2",1
883,"0,3",4
884,"3,0",0
884,"2,1",0
884,"1,2",0
884,"0,3",5
885,"3,0",0
885,"2,1",0
885,"1,2",0
885,"0,3",5
886,"3,0",0
886,"2,1",0
886,"1,2",0
886,"0,3",5
887,"3,0",0
887,"2,1",1
887,"1,2",0
887,"0,3",4
888,"3,0",0
888,"2,1",1
888,"1,2",0
888,"0,3",4
889,"3,0",0
889,"2,1",0
889,"1,2",1
889,"0,3",4
890,"3,0",0
890,"2,1",0
890,"1,2",1
890,"0,3",4
891,"3,0",0
891,"2,1",1
891,"1,2",0
891,"0,3",4
892,"3,0",0
892,"2,1",1
892,"1,2",0
892,"0,3",4
893,"3,0",0
893,"2,1",0
893,"1,2",0
893,"0,3",5
894,"3,0",0
894,"2,1",0
894,"1,2",0
894,"0,3",5
895,"3,0",0
895,"2,1",0
895,"1,2",0
895,"0,3",5
896,"3,0",0
896,"2,1",0
896,"1,2",1
896,"0,3",4
897,"3,0",0
897,"2,1",0
897,"1,2",0
897,"0,3",5
898,"3,0",0
898,"2,1",0
898,"1,2",0
898,"0,3",5
899,"3,0",0
899,"2,1",0
899,"1,2",0
899,"0,3",5
900,"3,0",0
900,"2,1",0
900,"1,2",0
900,"0,3",5
901,"3,0",0
901,"2,1",0
901,"1,2",0
901,"0,3",5
902,"3,0",0
902,"2,1",0
902,"1,2",0
902,"0,3",5
903,"3,0",0
903,"2,1",0
903,"1,2",0
903,"0,3",5
904,"3,0",0
904,"2,1",0
904,"1,2",0
904,"0,3",5
905,"3,0",0
905,"2,1",0
905,"1,2",0
905,"0,3",5
906,"3,0",0
906,"2,1",0
906,"1,2",1
906,"0,3",4
907,"3,0",0
907,"2,1",0
907,"1,2",1
907,"0,3",4
908,"3,0",0
908,"2,1",0
908,"1,2",1
908,"0,3",4
909,"3,0",0
909,"2,1",0
909,"1,2",0
909,"0,3",5
910,"3,0",0
910,"2,1",0
910,"1,2",0
910,"0,3",5
911,"3,0",0
911,"2,1",0
911,"1,2",0
911,"0,3",5
912,"3,0",0
912,"2,1",0
912,"1,2",0
912,"0,3",5
913,"3,0",0
913,"2,1",0
913,"1,2",0
913,"0,3",5
914,"3,0",0
914,"2,1",0
914,"1,2",0
914,"0,3",5
915,"3,0",0
915,"2,1",0
915,"1,2",0
915,"0,3",5
916,"3,0",0
916,"2,1",0
916,"1,2",0
916,"0,3",5
917,"3,0",0
917,"2,1",0
917,"1,2",0
917,"0,3",5
918,"3,0",0
918,"2,1",0
918,"1,2",0
918,"0,3",5
919,"3,0",0
919,"2,1",0
919,"1,2",0
919,"0,3",5
920,"3,0",0
920,"2,1",0
920,"1,2",0
920,"0,3",5
921,"3,0",0
921,"2,1",0
921,"1,2",1
921,"0,3",4
922,"3,0",0
922,"2,1",0
922,"1,2",1
922,"0,3",4
923,"3,0",0
923,"2,1",0
923,"1,2",0
923,"0,3",5
924,"3,0",0
924,"2,1",0
924,"1,2",0
924,"0,3",5
925,"3,0",0
925,"2,1",0
925,"1,2",0
925,"0,3",5
926,"3,0",0
926,"2,1",0
926,"1,2",0
926,"0,3",5
927,"3,0",0
927,"2,1",0
927,"1,2",0
927,"0,3",5
928,"3,0",0
928,"2,1",1
928,"1,2",0
928,"0,3",4
929,"3,0",0
929,"2,1",1
929,"1,2",0
929,"0,3",4
930,"3,0",1
930,"2,1",0
930,"1,2",0
930,"0,3",4
931,"3,0",1
931,"2,1",0
931,"1,2",0
931,"0,3",4
932,"3,0",1
932,"2,1",0
932,"1,2",0
932,"0,3",4
933,"3,0",1
933,"2,1",0
933,"1,2",0
933,"0,3",4
934,"3,0",1
934,"2,1",0
934,"1,2",0
934,"0,3",4
935,"3,0",0
935,"2,1",0
935,"1,2",0
935,"0,3",5
936,"3,0",0
936,"2,1",0
936,"1,2",0
936,"0,3",5
937,"3,0",1
937,"2,1",0
937,"1,2",0
937,"0,3",4
938,"3,0",1
938,"2,1",0
938,"1,2",0
938,"0,3",4
939,"3,0",1
939,"2,1",0
939,"1,2",0
939,"0,3",4
940,"3,0",0
940,"2,1",0
940,"1,2",0
940,"0,3",5
941,"3,0",0
941,"2,1",0
941,"1,2",1
941,"0,3",4
942,"3,0",0
942,"2,1",1
942,"1,2",1
942,"0,3",3
943,"3,0",0
943,"2,1",1
943,"1,2",1
943,"0,3",3
944,"3,0",0
944,"2,1",0
944,"1,2",1
944,"0,3",4
945,"3,0",0
945,"2,1",0
945,"1,2",1
945,"0,3",4
946,"3,0",0
946,"2,1",0
946,"1,2",1
946,"0,3",4
947,"3,0",0
947,"2,1",0
947,"1,2",1
947,"0,3",4
948,"3,0",0
948,"2,1",0
948,"1,2",1
948,"0,3",4
949,"3,0",0
949,"2,1",0
949,"1,2",1
949,"0,3",4
950,"3,0",0
950,"2,1",0
950,"1,2",1
950,"0,3",4
951,"3,0",0
951,"2,1",0
951,"1,2",0
951,"0,3",5
952,"3,0",0
952,"2,1",1
952,"1,2",0
952,"0,3",4
953,"3,0",0
953,"2,1",1
953,"1,2",0
953,"0,3",4
954,"3,0",0
954,"2,1",0
954,"1,2",0
954,"0,3",5
955,"3,0",0
955,"2,1",0
955,"1,2",0
955,"0,3",5
956,"3,0",0
956,"2,1",0
956,"1,2",0
956,"0,3",5
957,"3,0",0
957,"2,1",0
957,"1,2",0
957,"0,3",5
958,"3,0",0
958,"2,1",0
958,"1,2",0
958,"0,3",5
959,"3,0",0
959,"2,1",0
959,"1,2",0
959,"0,3",5
960,"3,0",0
960,"2,1",0
960,"1,2",0
960,"0,3",5
961,"3,0",0
961,"2,1",0
961,"1,2",0
961,"0,3",5
962,"3,0",0
962,"2,1",0
962,"1,2",0
962,"0,3",5
963,"3,0",0
963,"2,1",0
963,"1,2",0
963,"0,3",5
964,"3,0",0
964,"2,1",0
964,"1,2",0
964,"0,3",5
965,"3,0",0
965,"2,1",0
965,"1,2",0
965,"0,3",5
966,"3,0",0
966,"2,1",0
966,"1,2",1
966,"0,3",4
967,"3,0",0
967,"2,1",0
967,"1,2",0
967,"0,3",5
968,"3,0",0
968,"2,1",0
968,"1,2",0
968,"0,3",5
969,"3,0",0
969,"2,1",0
969,"1,2",0
969,"0,3",5
970,"3,0",0
970,"2,1",0
970,"1,2",0
970,"0,3",5
971,"3,0",0
971,"2,1",0
971,"1,2",0
971,"0,3",5
972,"3,0",0
972,"2,1",0
972,"1,2",0
972,"0,3",5
973,"3,0",0
973,"2,1",0
973,"1,2",0
973,"0,3",5
974,"3,0",0
974,"2,1",0
974,"1,2",0
974,"0,3",5
975,"3,0",0
975,"2,1",0
975,"1,2",0
975,"0,3",5
976,"3,0",0
976,"2,1",0
976,"1,2",0
976,"0,3",5
977,"3,0",0
977,"2,1",0
977,"1,2",0
977,"0,3",5
978,"3,0",0
978,"2,1",0
978,"1,2",0
978,"0,3",5
979,"3,0",0
979,"2,1",0
979,"1,2",0
979,"0,3",5
980,"3,0",0
980,"2,1",0
980,"1,2",0
980,"0,3",5
981,"3,0",0
981,"2,1",0
981,"1,2",0
981,"0,3",5
982,"3,0",0
982,"2,1",0
982,"1,2",0
982,"0,3",5
983,"3,0",0
983,"2,1",0
983,"1,2",1
983,"0,3",4
984,"3,0",0
984,"2,1",0
984,"1,2",0
984,"0,3",5
985,"3,0",0
985,"2,1",0
985,"1,2",0
985,"0,3",5
986,"3,0",0
986,"2,1",0
986,"1,2",0
986,"0,3",5
987,"3,0",0
987,"2,1",0
987,"1,2",0
987,"0,3",5
988,"3,0",0
988,"2,1",0
988,"1,2",0
988,"0,3",5
989,"3,0",0
989,"2,1",0
989,"1,2",0
989,"0,3",5
990,"3,0",0
990,"2,1",0
990,"1,2",0
990,"0,3",5
991,"3,0",0
991,"2,1",0
991,"1,2",0
991,"0,3",5
992,"3,0",0
992,"2,1",0
992,"1,2",0
992,"0,3",5
993,"3,0",0
993,"2,1",0
993,"1,2",0
993,"0,3",5
994,"3,0",0
994,"2,1",0
994,"1,2",0
994,"0,3",5
995,"3,0",0
995,"2,1",0
995,"1,2",0
995,"0,3",5
996,"3,0",0
996,"2,1",0
996,"1,2",0
996,"0,3",5
997,"3,0",0
997,"2,1",0
997,"1,2",0
997,"0,3",5
998,"3,0",0
998,"2,1",0
998,"1,2",0
998,"0,3",5
999,"3,0",0
999,"2,1",0
999,"1,2",0
999,"0,3",5
1000,"3,0",0
1000,"2,1",0
1000,"1,2",0
1000,"0,3",5
1001,"3,0",0
1001,"2,1",0
1001,"1,2",0
1001,"0,3",5
